seq,log_fitness,PID,mutated_position,mutant
LADDRTLLMAGVSHDLRTPLTRIRLATEMMSEQDGYLAESINKCIEECNAIIEQFIDYLR,3.927479,172,44,D44C
LADDRTLLMAGVSHDLRTPLTRIRLATEMMSEQDGYLWESINKDIEECNAIIEQFIDYLR,3.725917,74,38,A38W
LADDRTLLMAGVWHDLRTPLTRIRLATEMMSEQDGYLAESINKDIEECNAIIEQFIDYLR,3.805453,951,13,S13W
LFDDRTLLMAGVSHDLRTPLTRIRLATEMMSEQDGYLAESINKDIEECNAIIEQFIDYLR,3.822681,41,2,A2F
LADDRTLLMAGVSHDLRTPLTRIRLATEMMSEQDGYFAESINKDIEECNAIIEQFIDYLR,1.657833,624,37,L37F
LADDRTLLMAGVSHDLRTPLTRIRLATEMMKEQDGYLAESINKDIEECNAIIEQFIDYLR,3.719658,961,31,S31K
LADDRTLLMAGVSHDLRTPLTRIRLATEMMSEQDGYEAESINKDIEECNAIIEQFIDYLR,3.735204,623,37,L37E
LADDRTLLMAGVSHDLRTPLTRIRLAYEMMSEQDGYLAESINKDIEECNAIIEQFIDYLR,3.895207,1046,27,T27Y
LADDRTLLMAGTSHDLRTPLTRIRLATEMMSEQDGYLAESINKDIEECNAIIEQFIDYLR,0.8,1081,12,V12T
LADDRTLLMAGVSHDLRTPLTRIRLATELMSEQDGYLAESINKDIEECNAIIEQFIDYLR,3.065866,705,29,M29L
