,Unnamed: 0,seq,log_fitness,PID,mutated_position,mutant
20,1299,MAKEDNIEMQGTVLETLPNTMFRVELENGHVVTAHISGKMRKNYIRILTGDKVTVELTPYDLSKGRIVPRSR,0.15425,1299,69,F69P
21,1077,MAKEDNIEMQGTVLETLPNTMFRVELENGHVVTAHISGKMRKNYIRILTGDKVTVEHTPYDLSKGRIVFRSR,0.8955,1077,57,L57H
22,349,MAKEDNIEMQGTVLETLPLTMFRVELENGHVVTAHISGKMRKNYIRILTGDKVTVELTPYDLSKGRIVFRSR,0.9925,349,19,N19L
23,779,MAKEDNIEMQGTVLETLPNTMFRVELENGHVVTAHISGKMRWNYIRILTGDKVTVELTPYDLSKGRIVFRSR,0.907,779,42,K42W
24,493,MAKEDNIEMQGTVLETLPNTMFRVELQNGHVVTAHISGKMRKNYIRILTGDKVTVELTPYDLSKGRIVFRSR,0.826,493,27,E27Q
25,978,MAKEDNIEMQGTVLETLPNTMFRVELENGHVVTAHISGKMRKNYIRILTGDFVTVELTPYDLSKGRIVFRSR,0.955,978,52,K52F
26,818,MAKEDNIEMQGTVLETLPNTMFRVELENGHVVTAHISGKMRKNTIRILTGDKVTVELTPYDLSKGRIVFRSR,0.8715,818,44,Y44T
27,1175,MAKEDNIEMQGTVLETLPNTMFRVELENGHVVTAHISGKMRKNYIRILTGDKVTVELTPYDYSKGRIVFRSR,0.959,1175,62,L62Y
28,1067,MAKEDNIEMQGTVLETLPNTMFRVELENGHVVTAHISGKMRKNYIRILTGDKVTVEETPYDLSKGRIVFRSR,0.8235,1067,57,L57E
29,1180,MAKEDNIEMQGTVLETLPNTMFRVELENGHVVTAHISGKMRKNYIRILTGDKVTVELTPYDLGKGRIVFRSR,0.84875,1180,63,S63G
30,97,MAKEDDIEMQGTVLETLPNTMFRVELENGHVVTAHISGKMRKNYIRILTGDKVTVELTPYDLSKGRIVFRSR,1.0075,97,6,N6D
31,1168,MAKEDNIEMQGTVLETLPNTMFRVELENGHVVTAHISGKMRKNYIRILTGDKVTVELTPYDQSKGRIVFRSR,0.974,1168,62,L62Q
32,255,MAKEDNIEMQGTVGETLPNTMFRVELENGHVVTAHISGKMRKNYIRILTGDKVTVELTPYDLSKGRIVFRSR,0.9595,255,14,L14G
33,753,MAKEDNIEMQGTVLETLPNTMFRVELENGHVVTAHISGKRRKNYIRILTGDKVTVELTPYDLSKGRIVFRSR,0.240833,753,40,M40R
34,1071,MAKEDNIEMQGTVLETLPNTMFRVELENGHVVTAHISGKMRKNYIRILTGDKVTVESTPYDLSKGRIVFRSR,0.908167,1071,57,L57S
35,561,MAKEDNIEMQGTVLETLPNTMFRVELENGTVVTAHISGKMRKNYIRILTGDKVTVELTPYDLSKGRIVFRSR,0.9845,561,30,H30T
36,695,MAKEDNIEMQGTVLETLPNTMFRVELENGHVVTAHITGKMRKNYIRILTGDKVTVELTPYDLSKGRIVFRSR,0.929,695,37,S37T
37,523,MAKEDNIEMQGTVLETLPNTMFRVELEGGHVVTAHISGKMRKNYIRILTGDKVTVELTPYDLSKGRIVFRSR,0.83275,523,28,N28G
38,1193,MAKEDNIEMQGTVLETLPNTMFRVELENGHVVTAHISGKMRKNYIRILTGDKVTVELTPYDLYKGRIVFRSR,0.8355,1193,63,S63Y
39,240,MAKEDNIEMQGTELETLPNTMFRVELENGHVVTAHISGKMRKNYIRILTGDKVTVELTPYDLSKGRIVFRSR,-0.105,240,13,V13E
