,seq,log_fitness,PID,mutated_position,mutant
974,MAKEDNIEMQGTVLETLPNTMFRVELENGHVVTAHISGKMRKNYIRILTGDWVTVELTPYDLSKGRIVFRSR,0.97,974,51,K52W
924,MAKEDNIEMQGTVLETLPNTMFRVELENGHVVTAHISGKMRKNYIRILMGDKVTVELTPYDLSKGRIVFRSR,0.969,924,48,T49M
932,MAKEDNIEMQGTVLETLPNTMFRVELENGHVVTAHISGKMRKNYIRILTWDKVTVELTPYDLSKGRIVFRSR,0.882,932,49,G50W
1227,MAKEDNIEMQGTVLETLPNTMFRVELENGHVVTAHISGKMRKNYIRILTGDKVTVELTPYDLSKHRIVFRSR,0.0435,1227,64,G65H
609,MAKEDNIEMQGTVLETLPNTMFRVELENGHVVWAHISGKMRKNYIRILTGDKVTVELTPYDLSKGRIVFRSR,0.991,609,32,T33W
41,MAEEDNIEMQGTVLETLPNTMFRVELENGHVVTAHISGKMRKNYIRILTGDKVTVELTPYDLSKGRIVFRSR,0.918,41,2,K3E
199,MAKEDNIEMQNTVLETLPNTMFRVELENGHVVTAHISGKMRKNYIRILTGDKVTVELTPYDLSKGRIVFRSR,0.0085,199,10,G11N
448,MAKEDNIEMQGTVLETLPNTMFRDELENGHVVTAHISGKMRKNYIRILTGDKVTVELTPYDLSKGRIVFRSR,0.0325,448,23,V24D
397,MAKEDNIEMQGTVLETLPNTWFRVELENGHVVTAHISGKMRKNYIRILTGDKVTVELTPYDLSKGRIVFRSR,0.995,397,20,M21W
439,MAKEDNIEMQGTVLETLPNTMFRNELENGHVVTAHISGKMRKNYIRILTGDKVTVELTPYDLSKGRIVFRSR,0.0065,439,23,V24N
1186,MAKEDNIEMQGTVLETLPNTMFRVELENGHVVTAHISGKMRKNYIRILTGDKVTVELTPYDLNKGRIVFRSR,0.8445,1186,62,S63N
1093,MAKEDNIEMQGTVLETLPNTMFRVELENGHVVTAHISGKMRKNYIRILTGDKVTVELIPYDLSKGRIVFRSR,0.942,1093,57,T58I
615,MAKEDNIEMQGTVLETLPNTMFRVELENGHVVHAHISGKMRKNYIRILTGDKVTVELTPYDLSKGRIVFRSR,1.012,615,32,T33H
343,MAKEDNIEMQGTVLETLPTTMFRVELENGHVVTAHISGKMRKNYIRILTGDKVTVELTPYDLSKGRIVFRSR,1.00275,343,18,N19T
864,MAKEDNIEMQGTVLETLPNTMFRVELENGHVVTAHISGKMRKNYIGILTGDKVTVELTPYDLSKGRIVFRSR,0.77525,864,45,R46G
1321,MAKEDNIEMQGTVLETLPNTMFRVELENGHVVTAHISGKMRKNYIRILTGDKVTVELTPYDLSKGRIVFQSR,0.2975,1321,69,R70Q
22,MFKEDNIEMQGTVLETLPNTMFRVELENGHVVTAHISGKMRKNYIRILTGDKVTVELTPYDLSKGRIVFRSR,1.0605,22,1,A2F
450,MAKEDNIEMQGTVLETLPNTMFRWELENGHVVTAHISGKMRKNYIRILTGDKVTVELTPYDLSKGRIVFRSR,-0.075,450,23,V24W
1018,MAKEDNIEMQGTVLETLPNTMFRVELENGHVVTAHISGKMRKNYIRILTGDKVCVELTPYDLSKGRIVFRSR,0.9655,1018,53,T54C
1158,MAKEDNIEMQGTVLETLPNTMFRVELENGHVVTAHISGKMRKNYIRILTGDKVTVELTPYDASKGRIVFRSR,0.95125,1158,61,L62A
1299,MAKEDNIEMQGTVLETLPNTMFRVELENGHVVTAHISGKMRKNYIRILTGDKVTVELTPYDLSKGRIVPRSR,0.15425,1299,68,F69P
1077,MAKEDNIEMQGTVLETLPNTMFRVELENGHVVTAHISGKMRKNYIRILTGDKVTVEHTPYDLSKGRIVFRSR,0.8955,1077,56,L57H
349,MAKEDNIEMQGTVLETLPLTMFRVELENGHVVTAHISGKMRKNYIRILTGDKVTVELTPYDLSKGRIVFRSR,0.9925,349,18,N19L
779,MAKEDNIEMQGTVLETLPNTMFRVELENGHVVTAHISGKMRWNYIRILTGDKVTVELTPYDLSKGRIVFRSR,0.907,779,41,K42W
493,MAKEDNIEMQGTVLETLPNTMFRVELQNGHVVTAHISGKMRKNYIRILTGDKVTVELTPYDLSKGRIVFRSR,0.826,493,26,E27Q
978,MAKEDNIEMQGTVLETLPNTMFRVELENGHVVTAHISGKMRKNYIRILTGDFVTVELTPYDLSKGRIVFRSR,0.955,978,51,K52F
818,MAKEDNIEMQGTVLETLPNTMFRVELENGHVVTAHISGKMRKNTIRILTGDKVTVELTPYDLSKGRIVFRSR,0.8715,818,43,Y44T
1175,MAKEDNIEMQGTVLETLPNTMFRVELENGHVVTAHISGKMRKNYIRILTGDKVTVELTPYDYSKGRIVFRSR,0.959,1175,61,L62Y
1067,MAKEDNIEMQGTVLETLPNTMFRVELENGHVVTAHISGKMRKNYIRILTGDKVTVEETPYDLSKGRIVFRSR,0.8235,1067,56,L57E
1180,MAKEDNIEMQGTVLETLPNTMFRVELENGHVVTAHISGKMRKNYIRILTGDKVTVELTPYDLGKGRIVFRSR,0.84875,1180,62,S63G
97,MAKEDDIEMQGTVLETLPNTMFRVELENGHVVTAHISGKMRKNYIRILTGDKVTVELTPYDLSKGRIVFRSR,1.0075,97,5,N6D
1168,MAKEDNIEMQGTVLETLPNTMFRVELENGHVVTAHISGKMRKNYIRILTGDKVTVELTPYDQSKGRIVFRSR,0.974,1168,61,L62Q
255,MAKEDNIEMQGTVGETLPNTMFRVELENGHVVTAHISGKMRKNYIRILTGDKVTVELTPYDLSKGRIVFRSR,0.9595,255,13,L14G
753,MAKEDNIEMQGTVLETLPNTMFRVELENGHVVTAHISGKRRKNYIRILTGDKVTVELTPYDLSKGRIVFRSR,0.240833,753,39,M40R
1071,MAKEDNIEMQGTVLETLPNTMFRVELENGHVVTAHISGKMRKNYIRILTGDKVTVESTPYDLSKGRIVFRSR,0.908167,1071,56,L57S
561,MAKEDNIEMQGTVLETLPNTMFRVELENGTVVTAHISGKMRKNYIRILTGDKVTVELTPYDLSKGRIVFRSR,0.9845,561,29,H30T
695,MAKEDNIEMQGTVLETLPNTMFRVELENGHVVTAHITGKMRKNYIRILTGDKVTVELTPYDLSKGRIVFRSR,0.929,695,36,S37T
523,MAKEDNIEMQGTVLETLPNTMFRVELEGGHVVTAHISGKMRKNYIRILTGDKVTVELTPYDLSKGRIVFRSR,0.83275,523,27,N28G
1193,MAKEDNIEMQGTVLETLPNTMFRVELENGHVVTAHISGKMRKNYIRILTGDKVTVELTPYDLYKGRIVFRSR,0.8355,1193,62,S63Y
240,MAKEDNIEMQGTELETLPNTMFRVELENGHVVTAHISGKMRKNYIRILTGDKVTVELTPYDLSKGRIVFRSR,-0.105,240,12,V13E
820,MAKEDNIEMQGTVLETLPNTMFRVELENGHVVTAHISGKMRKNSIRILTGDKVTVELTPYDLSKGRIVFRSR,0.967833,820,43,Y44S
392,MAKEDNIEMQGTVLETLPNTCFRVELENGHVVTAHISGKMRKNYIRILTGDKVTVELTPYDLSKGRIVFRSR,0.995,392,20,M21C
1115,MAKEDNIEMQGTVLETLPNTMFRVELENGHVVTAHISGKMRKNYIRILTGDKVTVELTLYDLSKGRIVFRSR,0.957667,1115,58,P59L
983,MAKEDNIEMQGTVLETLPNTMFRVELENGHVVTAHISGKMRKNYIRILTGDYVTVELTPYDLSKGRIVFRSR,0.9545,983,51,K52Y
46,MAWEDNIEMQGTVLETLPNTMFRVELENGHVVTAHISGKMRKNYIRILTGDKVTVELTPYDLSKGRIVFRSR,0.064,46,2,K3W
1318,MAKEDNIEMQGTVLETLPNTMFRVELENGHVVTAHISGKMRKNYIRILTGDKVTVELTPYDLSKGRIVFMSR,0.516,1318,69,R70M
370,MAKEDNIEMQGTVLETLPNIMFRVELENGHVVTAHISGKMRKNYIRILTGDKVTVELTPYDLSKGRIVFRSR,0.974667,370,19,T20I
742,MAKEDNIEMQGTVLETLPNTMFRVELENGHVVTAHISGKYRKNYIRILTGDKVTVELTPYDLSKGRIVFRSR,0.174,742,39,M40Y
