,seq,log_fitness,n_mut,mutant,PID,mutated_position
419,MDLSALRVEEVQNVINAMQKILECPICLELIKEPVSTECDHIFCKFCMLKLLNQKKGPSQCPLCKNDITKRSLQESTRFSQLVEELLKIICAFQLDTGLEYANSYNFAKK,0.760138564,1,K38E,419,37
1049,MDLSALRVEEVQNVINAMQKILECPICLELIKEPVSTKCDHIFCKFCMLKLLNQKKGPSQCPLCKNDITKRSKQESTRFSQLVEELLKIICAFQLDTGLEYANSYNFAKK,-0.267300341,1,L73K,1049,72
143,MDLSALRVEEVQNVINAMQKILNCPICLELIKEPVSTKCDHIFCKFCMLKLLNQKKGPSQCPLCKNDITKRSLQESTRFSQLVEELLKIICAFQLDTGLEYANSYNFAKK,0.6251060970000001,1,E23N,143,22
401,MDLSALRVEEVQNVINAMQKILECPICLELIKEPVSDKCDHIFCKFCMLKLLNQKKGPSQCPLCKNDITKRSLQESTRFSQLVEELLKIICAFQLDTGLEYANSYNFAKK,0.549876779,1,T37D,401,36
1299,MDLSALRVEEVQNVINAMQKILECPICLELIKEPVSTKCDHIFCKFCMLKLLNQKKGPSQCPLCKNDITKRSLQESTRFSQLVEELQKIICAFQLDTGLEYANSYNFAKK,0.223789875,1,L87Q,1299,86
362,MDLSALRVEEVQNVINAMQKILECPICLELIKEPESTKCDHIFCKFCMLKLLNQKKGPSQCPLCKNDITKRSLQESTRFSQLVEELLKIICAFQLDTGLEYANSYNFAKK,0.337665284,1,V35E,362,34
396,MDLSALRVEEVQNVINAMQKILECPICLELIKEPVVTKCDHIFCKFCMLKLLNQKKGPSQCPLCKNDITKRSLQESTRFSQLVEELLKIICAFQLDTGLEYANSYNFAKK,1.55768896,1,S36V,396,35
129,MDLSALRVEEVQNVINAMQKITECPICLELIKEPVSTKCDHIFCKFCMLKLLNQKKGPSQCPLCKNDITKRSLQESTRFSQLVEELLKIICAFQLDTGLEYANSYNFAKK,0.7234156140000001,1,L22T,129,21
424,MDLSALRVEEVQNVINAMQKILECPICLELIKEPVSTHCDHIFCKFCMLKLLNQKKGPSQCPLCKNDITKRSLQESTRFSQLVEELLKIICAFQLDTGLEYANSYNFAKK,0.950478135,1,K38H,424,37
681,MDLSALRVEEVQNVINAMQKILECPICLELIKEPVSTKCDHIFCKFCMLKLENQKKGPSQCPLCKNDITKRSLQESTRFSQLVEELLKIICAFQLDTGLEYANSYNFAKK,0.5872246289999999,1,L52E,681,51
759,MDLSALRVEEVQNVINAMQKILECPICLELIKEPVSTKCDHIFCKFCMLKLLNQKKFPSQCPLCKNDITKRSLQESTRFSQLVEELLKIICAFQLDTGLEYANSYNFAKK,0.572626503,1,G57F,759,56
873,MDLSALRVEEVQNVINAMQKILECPICLELIKEPVSTKCDHIFCKFCMLKLLNQKKGPSQCPQCKNDITKRSLQESTRFSQLVEELLKIICAFQLDTGLEYANSYNFAKK,0.128870895,1,L63Q,873,62
1119,MDLSALRVEEVQNVINAMQKILECPICLELIKEPVSTKCDHIFCKFCMLKLLNQKKGPSQCPLCKNDITKRSLQESRRFSQLVEELLKIICAFQLDTGLEYANSYNFAKK,0.476476281,1,T77R,1119,76
1276,MDLSALRVEEVQNVINAMQKILECPICLELIKEPVSTKCDHIFCKFCMLKLLNQKKGPSQCPLCKNDITKRSLQESTRFSQLVEEILKIICAFQLDTGLEYANSYNFAKK,0.991874629,1,L86I,1276,85
1306,MDLSALRVEEVQNVINAMQKILECPICLELIKEPVSTKCDHIFCKFCMLKLLNQKKGPSQCPLCKNDITKRSLQESTRFSQLVEELYKIICAFQLDTGLEYANSYNFAKK,0.957551602,1,L87Y,1306,86
550,MDLSALRVEEVQNVINAMQKILECPICLELIKEPVSTKCDHIFCAFCMLKLLNQKKGPSQCPLCKNDITKRSLQESTRFSQLVEELLKIICAFQLDTGLEYANSYNFAKK,0.496853316,1,K45A,550,44
553,MDLSALRVEEVQNVINAMQKILECPICLELIKEPVSTKCDHIFCDFCMLKLLNQKKGPSQCPLCKNDITKRSLQESTRFSQLVEELLKIICAFQLDTGLEYANSYNFAKK,0.510277153,1,K45D,553,44
823,MDLSALRVEEVQNVINAMQKILECPICLELIKEPVSTKCDHIFCKFCMLKLLNQKKGPSVCPLCKNDITKRSLQESTRFSQLVEELLKIICAFQLDTGLEYANSYNFAKK,0.902537023,1,Q60V,823,59
1013,MDLSALRVEEVQNVINAMQKILECPICLELIKEPVSTKCDHIFCKFCMLKLLNQKKGPSQCPLCKNDITKESLQESTRFSQLVEELLKIICAFQLDTGLEYANSYNFAKK,0.952291576,1,R71E,1013,70
664,MDLSALRVEEVQNVINAMQKILECPICLELIKEPVSTKCDHIFCKFCMLKGLNQKKGPSQCPLCKNDITKRSLQESTRFSQLVEELLKIICAFQLDTGLEYANSYNFAKK,0.39680285,1,L51G,664,50
